Name ,Date,Time,Address,State,City,Zip ,Link,Picture
Tree Tour: International Chancery Center,9/7/2016,5:30 PM to 7:30 PM,Tilden St NW and Sedgwick St NW,Washington,DC,20008,https://www.eventbrite.com/e/tree-tour-international-chancery-center-registration-26542474255,
"Park Inventory: National Mall, 12th St",9/9/2016,1:30 PM to 4:30 PM ,239 12th St. Expressway,Washington,DC,20560,https://www.eventbrite.com/e/park-inventory-national-mall-12th-st-registration-27004966582,
Trees 201 (CT HQ),9/10/2016,9:00 AM to 12:00 PM,201 Allison St NW,Washington,DC,20011,https://www.eventbrite.com/e/volunteer-tree-care-at-rock-creek-cemetery-registration-24491642161,
Park Inventory: Reflecting Pool,9/12/2016,5:30 PM to 7:30,2 Lincoln Memorial Cir NW,Washington,DC,20024,https://www.eventbrite.com/e/park-inventory-reflecting-pool-registration-27004978618,
Park Inventory: Jefferson Memorial,9/16/2016,9:00 AM to 12:00 PM,"701 E Basin Dr. SW, Washington",Washington,DC,20242,https://www.eventbrite.com/e/park-inventory-jefferson-memorial-registration-26802546,
H St Festival ,9/17/2016,All Day,H Street NE,Washington,DC,20002,http://hstreet.org/events/festival/,
Park Inventory: Tidal Basin,9/17/2016,10:00 AM to 1:00 PM,1540 Maine Ave SW,Washington,DC,20024,https://www.eventbrite.com/e/park-inventory-tidal-basin-registration-26802451855,
Stand Up For Trees (CT HQ),9/24/2016,9:00 AM to 2:30 PM,3030 12th St NE,Washington,DC,20017,https://www.eventbrite.com/e/stand-up-for-trees-registration-26705903075,
Park Inventory: FDR Memorial,9/24/2016,10:00 AM to 1:00 PM ,1850 West Basin Dr SW,Washington,DC,20242,https://www.eventbrite.com/e/park-inventory-franklin-delano-roosevelt-memorial-registration-26802748743,
Barracks Row Fall Festival ,9/24/2016,10:40 AM,8th St. SE,Washington,DC,20003,http://www.barracksrow.org/,
Tree Planting Workshop Armed Forces Retirement Home,10/1/2016,9:00 AM to 3:00 PM,140 Rock Creek Church Rd NW,Washington,DC,20011,https://www.eventbrite.com/e/class-tree-planting-workshop-registration-26752827427,
Park Invetory: MLK Memorial ,10/1/2016,10:00 AM to 1:00 PM,1964 Independence Ave SW,Washington,DC,20024,https://www.eventbrite.com/e/park-inventory-martin-luther-king-jr-memorial-registration-26802737710,
Crafty Bastards (Day 1) (Union Market) ,10/1/2016,10:00 AM to 5:00 PM,1309 5th St NE,Washington,DC,20002,http://legacy.washingtoncitypaper.com/craftybastards/about/,
Crafty Bastards (Day 2),10/2/2016,10:00 AM to 5:00 PM,1309 5th St NE,Washington,DC,20002,http://legacy.washingtoncitypaper.com/craftybastards/about/,
